<?xml version="1.0" encoding="UTF-8"?>
<sounddescriptions>
	<consonant>
		<symbol>m</symbol>
		<voice>true</voice>
		<place>bilabial</place>
		<manner>nasal</manner>
	</consonant>
	<consonant>
		<symbol>n</symbol>
		<voice>true</voice>
		<place>alveolar</place>
		<manner>nasal</manner>
	</consonant>
	<consonant>
		<symbol>ɳ</symbol>
		<voice>true</voice>
		<place>retroflex</place>
		<manner>nasal</manner>
	</consonant>
	<consonant>
		<symbol>ɲ</symbol>
		<voice>true</voice>
		<place>palatal</place>
		<manner>nasal</manner>
	</consonant>
	<consonant>
		<symbol>ŋ</symbol>
		<voice>true</voice>
		<place>velar</place>
		<manner>nasal</manner>
	</consonant>
	<consonant>
		<symbol>ɴ</symbol>
		<voice>true</voice>
		<place>uvular</place>
		<manner>nasal</manner>
	</consonant>
	<consonant>
		<symbol>p</symbol>
		<voice>false</voice>
		<place>bilabial</place>
		<manner>plosive</manner>
	</consonant>
	<consonant>
		<symbol>b</symbol>
		<voice>true</voice>
		<place>bilabial</place>
		<manner>plosive</manner>
	</consonant>
	<consonant>
		<symbol>t</symbol>
		<voice>false</voice>
		<place>alveolar</place>
		<manner>plosive</manner>
	</consonant>
	<consonant>
		<symbol>d</symbol>
		<voice>true</voice>
		<place>alveolar</place>
		<manner>plosive</manner>
	</consonant>
	<consonant>
		<symbol>ʈ</symbol>
		<voice>false</voice>
		<place>retroflex</place>
		<manner>plosive</manner>
	</consonant>
	<consonant>
		<symbol>ɖ</symbol>
		<voice>true</voice>
		<place>retroflex</place>
		<manner>plosive</manner>
	</consonant>
	<consonant>
		<symbol>c</symbol>
		<voice>false</voice>
		<place>palatal</place>
		<manner>plosive</manner>
	</consonant>
	<consonant>
		<symbol>ɟ</symbol>
		<voice>true</voice>
		<place>palatal</place>
		<manner>plosive</manner>
	</consonant>
	<consonant>
		<symbol>c</symbol>
		<voice>false</voice>
		<place>palatal</place>
		<manner>plosive</manner>
	</consonant>
	<consonant>
		<symbol>k</symbol>
		<voice>false</voice>
		<place>velar</place>
		<manner>plosive</manner>
	</consonant>
	<consonant>
		<symbol>g</symbol>
		<voice>true</voice>
		<place>velar</place>
		<manner>plosive</manner>
	</consonant>
	<consonant>
		<symbol>q</symbol>
		<voice>false</voice>
		<place>uvular</place>
		<manner>plosive</manner>
	</consonant>
	<consonant>
		<symbol>ɢ</symbol>
		<voice>true</voice>
		<place>uvular</place>
		<manner>plosive</manner>
	</consonant>
	<consonant>
		<symbol>ʡ</symbol>
		<voice>false</voice>
		<place>epiglottal</place>
		<manner>plosive</manner>
	</consonant>
	<consonant>
		<symbol>ʔ</symbol>
		<voice>false</voice>
		<place>glottal</place>
		<manner>plosive</manner>
	</consonant>
	<consonant>
		<symbol>ɸ</symbol>
		<voice>false</voice>
		<place>bilabial</place>
		<manner>fricative</manner>
	</consonant>
	<consonant>
		<symbol>β</symbol>
		<voice>true</voice>
		<place>bilabial</place>
		<manner>fricative</manner>
	</consonant>
	<consonant>
		<symbol>f</symbol>
		<voice>false</voice>
		<place>labiodental</place>
		<manner>fricative</manner>
	</consonant>
	<consonant>
		<symbol>v</symbol>
		<voice>true</voice>
		<place>labiodental</place>
		<manner>fricative</manner>
	</consonant>
	<consonant>
		<symbol>θ</symbol>
		<voice>false</voice>
		<place>dental</place>
		<manner>fricative</manner>
	</consonant>
	<consonant>
		<symbol>ð</symbol>
		<voice>true</voice>
		<place>dental</place>
		<manner>fricative</manner>
	</consonant>
	<consonant>
		<symbol>s</symbol>
		<voice>false</voice>
		<place>alveolar</place>
		<manner>fricative</manner>
	</consonant>
	<consonant>
		<symbol>z</symbol>
		<voice>true</voice>
		<place>alveolar</place>
		<manner>fricative</manner>
	</consonant>
	<consonant>
		<symbol>ʃ</symbol>
		<voice>false</voice>
		<place>postalveolar</place>
		<manner>fricative</manner>
	</consonant>
	<consonant>
		<symbol>š</symbol>
		<voice>false</voice>
		<place>postalveolar</place>
		<manner>fricative</manner>
	</consonant>
	<consonant>
		<symbol>ʒ</symbol>
		<voice>true</voice>
		<place>postalveolar</place>
		<manner>fricative</manner>
	</consonant>
	<consonant>
		<symbol>ʂ</symbol>
		<voice>false</voice>
		<place>retroflex</place>
		<manner>fricative</manner>
	</consonant>
	<consonant>
		<symbol>ʐ</symbol>
		<voice>true</voice>
		<place>retroflex</place>
		<manner>fricative</manner>
	</consonant>
	<consonant>
		<symbol>ç</symbol>
		<voice>false</voice>
		<place>palatal</place>
		<manner>fricative</manner>
	</consonant>
	<consonant>
		<symbol>ʝ</symbol>
		<voice>true</voice>
		<place>palatal</place>
		<manner>fricative</manner>
	</consonant>
	<consonant>
		<symbol>x</symbol>
		<voice>false</voice>
		<place>velar</place>
		<manner>fricative</manner>
	</consonant>
	<consonant>
		<symbol>ɣ</symbol>
		<voice>true</voice>
		<place>velar</place>
		<manner>fricative</manner>
	</consonant>
	<consonant>
		<symbol>ɸ</symbol>
		<voice>false</voice>
		<place>bilabial</place>
		<manner>fricative</manner>
	</consonant>
	<consonant>
		<symbol>χ</symbol>
		<voice>false</voice>
		<place>uvular</place>
		<manner>fricative</manner>
	</consonant>
	<consonant>
		<symbol>ʁ</symbol>
		<voice>true</voice>
		<place>uvular</place>
		<manner>fricative</manner>
	</consonant>
	<consonant>
		<symbol>ħ</symbol>
		<voice>false</voice>
		<place>pharyngeal</place>
		<manner>fricative</manner>
	</consonant>
	<consonant>
		<symbol>ʕ</symbol>
		<voice>true</voice>
		<place>pharyngeal</place>
		<manner>fricative</manner>
	</consonant>
	<consonant>
		<symbol>ʜ</symbol>
		<voice>false</voice>
		<place>epiglottal</place>
		<manner>fricative</manner>
	</consonant>
	<consonant>
		<symbol>ʢ</symbol>
		<voice>true</voice>
		<place>epiglottal</place>
		<manner>fricative</manner>
	</consonant>
	<consonant>
		<symbol>h</symbol>
		<voice>false</voice>
		<place>glottal</place>
		<manner>fricative</manner>
	</consonant>
	<consonant>
		<symbol>ɦ</symbol>
		<voice>true</voice>
		<place>glottal</place>
		<manner>fricative</manner>
	</consonant>
	<consonant>
		<symbol>ʋ</symbol>
		<voice>true</voice>
		<place>labiodental</place>
		<manner>approximant</manner>
	</consonant>
	<consonant>
		<symbol>ɹ </symbol>
		<voice>true</voice>
		<place>alveolar</place>
		<manner>approximant</manner>
	</consonant>
	<consonant>
		<symbol>ɻ</symbol>
		<voice>true</voice>
		<place>retroflex</place>
		<manner>approximant</manner>
	</consonant>
	<consonant>
		<symbol>j</symbol>
		<voice>true</voice>
		<place>palatal</place>
		<manner>approximant</manner>
	</consonant>
	<consonant>
		<symbol>ɰ</symbol>
		<voice>true</voice>
		<place>velar</place>
		<manner>approximant</manner>
	</consonant>
	<consonant>
		<symbol>ʙ</symbol>
		<voice>true</voice>
		<place>bilabial</place>
		<manner>trill</manner>
	</consonant>
	<consonant>
		<symbol>r</symbol>
		<voice>true</voice>
		<place>alveolar</place>
		<manner>trill</manner>
	</consonant>
	<consonant>
		<symbol>ʀ</symbol>
		<voice>true</voice>
		<place>uvular</place>
		<manner>trill</manner>
	</consonant>
	<consonant>
		<symbol>ᴙ</symbol>
		<voice>true</voice>
		<place>epiglottal</place>
		<manner>trill</manner>
	</consonant>
	<consonant>
		<symbol>ⱱ</symbol>
		<voice>true</voice>
		<place>labiodental</place>
		<manner>flap</manner>
	</consonant>
	<consonant>
		<symbol>ɾ</symbol>
		<voice>true</voice>
		<place>alveolar</place>
		<manner>flap</manner>
	</consonant>
	<consonant>
		<symbol>ɽ</symbol>
		<voice>true</voice>
		<place>retroflex</place>
		<manner>flap</manner>
	</consonant>
	<consonant>
		<symbol>ʘ</symbol>
		<voice>false</voice>
		<place>bilabial</place>
		<manner>click</manner>
	</consonant>
	<consonant>
		<symbol>ǀ</symbol>
		<voice>false</voice>
		<place>dental</place>
		<manner>click</manner>
	</consonant>
	<consonant>
		<symbol>ǃ</symbol>
		<voice>false</voice>
		<place>alveolar</place>
		<manner>click</manner>
	</consonant>
	<consonant>
		<symbol>ǂ</symbol>
		<voice>false</voice>
		<place>palatal</place>
		<manner>click</manner>
	</consonant>
	<consonant>
		<symbol>ǁ</symbol>
		<voice>false</voice>
		<place>alveolar</place>
		<manner>click</manner>
	</consonant>
	<consonant>
		<symbol>‼</symbol>
		<voice>false</voice>
		<place>retroflex</place>
		<manner>click</manner>
	</consonant>
	<consonant>
		<symbol>ɓ</symbol>
		<voice>true</voice>
		<place>bilabial</place>
		<manner>implosive</manner>
	</consonant>
	<consonant>
		<symbol>ɗ</symbol>
		<voice>true</voice>
		<place>alveolar</place>
		<manner>implosive</manner>
	</consonant>
	<consonant>
		<symbol>ʄ</symbol>
		<voice>true</voice>
		<place>palatal</place>
		<manner>implosive</manner>
	</consonant>
	<consonant>
		<symbol>ᶑ</symbol>
		<voice>true</voice>
		<place>retroflex</place>
		<manner>implosive</manner>
	</consonant>
	<consonant>
		<symbol>ɠ</symbol>
		<voice>true</voice>
		<place>velar</place>
		<manner>implosive</manner>
	</consonant>
	<consonant>
		<symbol>ʛ</symbol>
		<voice>true</voice>
		<place>uvular</place>
		<manner>implosive</manner>
	</consonant>
	<consonant>
		<symbol>ɬ</symbol>
		<voice>false</voice>
		<place>alveolar</place>
		<manner>lateral fricative</manner>
	</consonant>
	<consonant>
		<symbol>l</symbol>
		<voice>true</voice>
		<place>alveolar</place>
		<manner>lateral approximant</manner>
	</consonant>
	<consonant>
		<symbol>ɭ</symbol>
		<voice>true</voice>
		<place>retroflex</place>
		<manner>lateral approximant</manner>
	</consonant>
	<consonant>
		<symbol>ʎ</symbol>
		<voice>true</voice>
		<place>palatal</place>
		<manner>lateral approximant</manner>
	</consonant>
	<consonant>
		<symbol>ʟ</symbol>
		<voice>true</voice>
		<place>velar</place>
		<manner>lateral approximant</manner>
	</consonant>
	<consonant>
		<symbol>ɺ</symbol>
		<voice>true</voice>
		<place>alveolar</place>
		<manner>lateral flap</manner>
	</consonant>
	<consonant>
		<symbol>ɕ</symbol>
		<voice>false</voice>
		<place>postalveolar</place>
		<manner>coarticulated fricative</manner>
	</consonant>
	<consonant>
		<symbol>ʑ</symbol>
		<voice>true</voice>
		<place>postalveolar</place>
		<manner>coarticulated fricative</manner>
	</consonant>
	<consonant>
		<symbol>ɧ</symbol>
		<voice>false</voice>
		<place>velar</place>
		<manner>coarticulated fricative</manner>
	</consonant>
	<consonant>
		<symbol>ʍ</symbol>
		<voice>false</voice>
		<place>bilabial velar</place>
		<manner>coarticulated approximant</manner>
	</consonant>
	<consonant>
		<symbol>w</symbol>
		<voice>true</voice>
		<place>bilabial velar</place>
		<manner>coarticulated approximant</manner>
	</consonant>
	<consonant>
		<symbol>ɥ</symbol>
		<voice>true</voice>
		<place>bilabial palatal</place>
		<manner>coarticulated approximant</manner>
	</consonant>
	<consonant>
		<symbol>ɫ</symbol>
		<voice>true</voice>
		<place>alveolar velar</place>
		<manner>coarticulated approximant</manner>
	</consonant>
	<consonant>
		<symbol>k͡p</symbol>
		<voice>false</voice>
		<place>velar bilabial</place>
		<manner>coarticulated stop</manner>
	</consonant>
	<consonant>
		<symbol>ɡ͡b</symbol>
		<voice>true</voice>
		<place>velar bilabial</place>
		<manner>coarticulated stop</manner>
	</consonant>
	<consonant>
		<symbol>ŋ͡m</symbol>
		<voice>true</voice>
		<place>velar bilabial</place>
		<manner>coarticulated stop</manner>
	</consonant>
	<consonant>
		<symbol>ts</symbol>
		<voice>false</voice>
		<place>alveolar</place>
		<manner>affricate</manner>
	</consonant>
	<consonant>
		<symbol>dz</symbol>
		<voice>true</voice>
		<place>alveolar</place>
		<manner>affricate</manner>
	</consonant>
	<consonant>
		<symbol>tʃ</symbol>
		<voice>false</voice>
		<place>palatal alveolar</place>
		<manner>affricate</manner>
	</consonant>
	<consonant>
		<symbol>č</symbol>
		<voice>false</voice>
		<place>palatal alveolar</place>
		<manner>affricate</manner>
	</consonant>
	<consonant>
		<symbol>dʒ</symbol>
		<voice>true</voice>
		<place>palatal alveolar</place>
		<manner>affricate</manner>
	</consonant>
	<consonant>
		<symbol>tɕ</symbol>
		<voice>false</voice>
		<place>alveolar palatal</place>
		<manner>affricate</manner>
	</consonant>
	<consonant>
		<symbol>dʑ</symbol>
		<voice>true</voice>
		<place>alveolar palatal</place>
		<manner>affricate</manner>
	</consonant>
	<consonant>
		<symbol>tʂ</symbol>
		<voice>false</voice>
		<place>retroflex</place>
		<manner>affricate</manner>
	</consonant>
	<consonant>
		<symbol>dʐ</symbol>
		<voice>true</voice>
		<place>retroflex</place>
		<manner>affricate</manner>
	</consonant>
	<consonant>
		<symbol>pɸ</symbol>
		<voice>false</voice>
		<place>bilabial</place>
		<manner>affricate</manner>
	</consonant>
	<consonant>
		<symbol>bβ</symbol>
		<voice>true</voice>
		<place>bilabial</place>
		<manner>affricate</manner>
	</consonant>
	<consonant>
		<symbol>pf</symbol>
		<voice>false</voice>
		<place>labiodental</place>
		<manner>affricate</manner>
	</consonant>
	<consonant>
		<symbol>bv</symbol>
		<voice>true</voice>
		<place>labiodental</place>
		<manner>affricate</manner>
	</consonant>
	<consonant>
		<symbol>tθ</symbol>
		<voice>false</voice>
		<place>dental alveolar</place>
		<manner>affricate</manner>
	</consonant>
	<consonant>
		<symbol>dð</symbol>
		<voice>true</voice>
		<place>dental alveolar</place>
		<manner>affricate</manner>
	</consonant>
	<consonant>
		<symbol>kx</symbol>
		<voice>false</voice>
		<place>velar</place>
		<manner>affricate</manner>
	</consonant>
	<consonant>
		<symbol>qχ</symbol>
		<voice>false</voice>
		<place>uvular</place>
		<manner>affricate</manner>
	</consonant>
	<consonant>
		<symbol>ʡʜ</symbol>
		<voice>false</voice>
		<place>epiglottal</place>
		<manner>affricate</manner>
	</consonant>
	<consonant>
		<symbol>tɬ</symbol>
		<voice>false</voice>
		<place>alveolar</place>
		<manner>affricate</manner>
	</consonant>
	<consonant>
		<symbol>ƛ</symbol>
		<voice>false</voice>
		<place>alveolar</place>
		<manner>affricate</manner>
	</consonant>
	<vowel>
		<symbol>i</symbol>
		<frontness>front</frontness>
		<height>high</height>
		<rounded>false</rounded>
	</vowel>
	<vowel>
		<symbol>y</symbol>
		<frontness>front</frontness>
		<height>high</height>
		<rounded>true</rounded>
	</vowel>
	<vowel>
		<symbol>ɨ</symbol>
		<frontness>central</frontness>
		<height>high</height>
		<rounded>false</rounded>
	</vowel>
	<vowel>
		<symbol>ʉ</symbol>
		<frontness>central</frontness>
		<height>high</height>
		<rounded>true</rounded>
	</vowel>
	<vowel>
		<symbol>ɯ</symbol>
		<frontness>back</frontness>
		<height>high</height>
		<rounded>false</rounded>
	</vowel>
	<vowel>
		<symbol>u</symbol>
		<frontness>back</frontness>
		<height>high</height>
		<rounded>true</rounded>
	</vowel>
	<vowel>
		<symbol>ɪ</symbol>
		<frontness>near-front</frontness>
		<height>near-high</height>
		<rounded>false</rounded>
	</vowel>
	<vowel>
		<symbol>ʏ</symbol>
		<frontness>near-front</frontness>
		<height>near-high</height>
		<rounded>true</rounded>
	</vowel>
	<vowel>
		<symbol>ʊ</symbol>
		<frontness>near-back</frontness>
		<height>near-high</height>
		<rounded>true</rounded>
	</vowel>
	<vowel>
		<symbol>e</symbol>
		<frontness>front</frontness>
		<height>mid-high</height>
		<rounded>false</rounded>
	</vowel>
	<vowel>
		<symbol>ø</symbol>
		<frontness>front</frontness>
		<height>mid-high</height>
		<rounded>true</rounded>
	</vowel>
	<vowel>
		<symbol>ɘ</symbol>
		<frontness>central</frontness>
		<height>mid-high</height>
		<rounded>false</rounded>
	</vowel>
	<vowel>
		<symbol>ɵ</symbol>
		<frontness>central</frontness>
		<height>mid-high</height>
		<rounded>true</rounded>
	</vowel>
	<vowel>
		<symbol>ɤ</symbol>
		<frontness>back</frontness>
		<height>mid-high</height>
		<rounded>false</rounded>
	</vowel>
	<vowel>
		<symbol>o</symbol>
		<frontness>back</frontness>
		<height>mid-high</height>
		<rounded>true</rounded>
	</vowel>
	<vowel>
		<symbol>ə</symbol>
		<frontness>central</frontness>
		<height>mid</height>
		<rounded>false</rounded>
	</vowel>
	<vowel>
		<symbol>ɛ</symbol>
		<frontness>front</frontness>
		<height>mid-low</height>
		<rounded>false</rounded>
	</vowel>
	<vowel>
		<symbol>œ</symbol>
		<frontness>front</frontness>
		<height>mid-low</height>
		<rounded>true</rounded>
	</vowel>
	<vowel>
		<symbol>ɜ</symbol>
		<frontness>central</frontness>
		<height>mid-low</height>
		<rounded>false</rounded>
	</vowel>
	<vowel>
		<symbol>ɞ</symbol>
		<frontness>central</frontness>
		<height>mid-low</height>
		<rounded>true</rounded>
	</vowel>
	<vowel>
		<symbol>ʌ</symbol>
		<frontness>back</frontness>
		<height>mid-low</height>
		<rounded>false</rounded>
	</vowel>
	<vowel>
		<symbol>ɔ</symbol>
		<frontness>back</frontness>
		<height>mid-low</height>
		<rounded>true</rounded>
	</vowel>
	<vowel>
		<symbol>æ</symbol>
		<frontness>front</frontness>
		<height>near-low</height>
		<rounded>false</rounded>
	</vowel>
	<vowel>
		<symbol>a</symbol>
		<frontness>near-front</frontness>
		<height>low</height>
		<rounded>false</rounded>
	</vowel>
	<vowel>
		<symbol>ɶ</symbol>
		<frontness>near-front</frontness>
		<height>low</height>
		<rounded>true</rounded>
	</vowel>
	<vowel>
		<symbol>ɐ</symbol>
		<frontness>central</frontness>
		<height>near-low</height>
		<rounded>false</rounded>
	</vowel>
	<vowel>
		<symbol>ɑ</symbol>
		<frontness>back</frontness>
		<height>low</height>
		<rounded>false</rounded>
	</vowel>
	<vowel>
		<symbol>ɒ</symbol>
		<frontness>back</frontness>
		<height>low</height>
		<rounded>true</rounded>
	</vowel>
	<diacritic>̥</diacritic>
	<diacritic>̤</diacritic>
	<diacritic>̪</diacritic>
	<diacritic>̬</diacritic>
	<diacritic>̰</diacritic>
	<diacritic>̺</diacritic>
	<diacritic>ʰ</diacritic>
	<diacritic>ʱ</diacritic>
	<diacritic>̼</diacritic>
	<diacritic>̻</diacritic>
	<diacritic>̹</diacritic>
	<diacritic>ʷ</diacritic>
	<diacritic>̃</diacritic>
	<diacritic>̜</diacritic>
	<diacritic>ʲ</diacritic>
	<diacritic>ⁿ</diacritic>
	<diacritic>̟</diacritic>
	<diacritic>ˠ</diacritic>
	<diacritic>ˡ</diacritic>
	<diacritic>̠</diacritic>
	<diacritic>ˤ</diacritic>
	<diacritic>̚</diacritic>
	<diacritic>̈</diacritic>
	<diacritic>̴</diacritic>
	<diacritic>̽</diacritic>
	<diacritic>̝</diacritic>
	<diacritic>˔</diacritic>
	<diacritic>̩</diacritic>
	<diacritic>̞</diacritic>
	<diacritic>˕</diacritic>
	<diacritic>̯</diacritic>
	<diacritic>̘</diacritic>
	<diacritic>˞</diacritic>
	<diacritic>̙</diacritic>
	<diacritic>̋</diacritic>
	<diacritic>́</diacritic>
	<diacritic>̄</diacritic>
	<diacritic>̀</diacritic>
	<diacritic>̏</diacritic>
	<diacritic>ʼ</diacritic>
	<diacritic>ˀ</diacritic>
	<diacritic>͡</diacritic>
	<diacritic>͜</diacritic>
	<diacritic>ː</diacritic>
	<diacritic>:</diacritic>
	<diacritic>ˑ</diacritic>
	<diacritic>̆</diacritic>
	<diacritic>‿</diacritic>
	<diacritic>↓</diacritic>
	<diacritic>↑</diacritic>
	<diacritic>↗</diacritic>
	<diacritic>↘</diacritic>
	<diacritic>̌</diacritic>
	<diacritic>̂</diacritic>
	<diacritic>᷄</diacritic>
	<diacritic>᷅</diacritic>
	<diacritic>᷈</diacritic>
</sounddescriptions>